,M_stellar,x,y,z
0,22688990000.0,12.08809,4.474372,1.4133347
