,M_stellar,x,y,z
0,61318214000.0,12.08809,4.474372,1.4133347
