,M_stellar,x,y,z
0,22688990000.0,3.4200377,6.613586,7.5786347
